file	affiliations	country
paper564.pdf	UC Santa Cruz-UC Santa Cruz-UC Santa Cruz	USA-USA-USA
paper570.pdf		Japan-Japan
paper216.pdf	University of Dundee-University of Dundee-Robert Gordon University-Robert Gordon University-Robert Gordon University-Robert Gordon University	UK-UK-UK-UK-UK-UK
paper558.pdf	University of British Columbia-University of British Columbia-University of British Columbia-University of British Columbia-University of British Columbia-University of British Columbia-University of British Columbia-University of British Columbia-University of British Columbia-University of British Columbia	Germany-Canada-Germany-Germany-Canada-Canada-Canada-Germany-Canada
paper014.pdf	Cheriton School of Computer Science-Cheriton School of Computer Science-University of Waterloo-University of Waterloo-University of Waterloo-University of Waterloo-School of Computer Science-University of St. Andrews-University of St. Andrews-School of Computer Science-University of St. Andrews-University of St. Andrews-Cheriton School of Computer Science-University of Waterloo-University of Waterloo	Canada-Canada-UK-UK-Canada
paper028.pdf	School of Computing, Informatics,-Arizona State University-Arizona State University-School of Computing & Information-University of Pittsburgh-University of Pittsburgh-School of Computing-University of Pittsburgh-University of Pittsburgh	United States-United States-United States
paper612.pdf	Lancaster University-Lancaster University-University of Otago-University of Otago-Lancaster University-Lancaster University	United Kingdom-United Kingdom
paper174.pdf	Visualizing the User’s Center of Pressure-Augmented Human Lab, Auckland Bioengineering Institute, The University of Auckland, New Zealand-Augmented Human Lab, Auckland Bioengineering Institute, The University of Auckland, New Zealand-Augmented Human Lab, Auckland Bioengineering Institute, The University of Auckland, New Zealand-Augmented Human Lab, Auckland Bioengineering Institute, The University of Auckland, New Zealand	
paper160.pdf	Emotional Labor They Experience-New Jersey Institute of Technology	
paper606.pdf	Carnegie Mellon University-Carnegie Mellon University-Carnegie Mellon University-Carnegie Mellon University-Carnegie Mellon University-Carnegie Mellon University-Carnegie Mellon University-Carnegie Mellon University-Carnegie Mellon University-Carnegie Mellon University-Carnegie Mellon University-Carnegie Mellon University	USA-USA-USA-USA-USA-USA
paper148.pdf	University of Nottingham-University of Nottingham-University of Nottingham-University of Nottingham-Mixed Reality Lab-University of Nottingham-University of Nottingham-Mixed Reality Lab-University of Nottingham-University of Nottingham	UK-UK-UK-UK
paper389.pdf	Aarhus University-Aarhus University-Aarhus University-Aarhus University-Aarhus University-Aarhus University-Aarhus University-Aarhus University-Aarhus University-Aarhus University	
paper376.pdf	Stony Brook University-Stony Brook University-Stony Brook University-Stony Brook University-Stony Brook University-Stony Brook University-Stony Brook University-Stony Brook University-Stony Brook University-Stony Brook University	
paper410.pdf	‡ Department of Industrial Design-Eindhoven University of Technology-Eindhoven University of Technology-§ Department of Applied Cognitive Psychology-Utrecht University-Utrecht University	Netherlands-Netherlands
paper404.pdf	Printer Pals: Experience-Centered Design to Support-School of Applied Psychology-University College Cork-University College Cork-University College Cork-Open Lab-Newcastle University-Newcastle University-Open Lab-Newcastle University-Newcastle University-Open Lab-Newcastle University-Newcastle University-School of Applied Psychology-University College Cork-University College Cork-University College Cork-School of Applied Psychology-University College Cork-University College Cork-University College Cork	Ireland-UK-UK-UK-Ireland-Ireland
paper362.pdf	University of Canterbury-University of Canterbury	
paper438.pdf	University of Toronto-University of Toronto-Escape Character Inc.-University of Toronto-University of Toronto	Canada-Canada-Canada
paper366.pdf	University of Washington-University of Washington-University of Washington-University of Washington-University of Washington-University of Washington-University of Washington-University of Washington	
paper400.pdf	Computer Science, University of Nottingham, Nottingham,-Computer Science, University of Nottingham, Nottingham,-School of Architecture, Loughborough University, Loughborough,-School of Architecture, Loughborough University, Loughborough,-School of Architecture, Loughborough University, Loughborough,	UK-UK-UK-UK
paper414.pdf	Institute of Media Informatics-Institute of Media Infor| matics-Institute of Media Informatics-Ulm University-Ulm University-Ulm University-Ulm University-Ulm University-Ulm University-Institute of Media Informatics-Institute of Media Informatics-Ulm University-Ulm University-Ulm University-Ulm University	Germany-Germany-Germany-Germany-Germany
paper372.pdf	Department of Computer science and Technology, Tsinghua University, Beijing,-Department of Computer science and Technology, Tsinghua University, Beijing,-Department of Computer science and Technology, Tsinghua University, Beijing,-Key Laboratory of Pervasive Computing, Ministry of Education,-Key Laboratory of Pervasive Computing, Ministry of Education,-Global Innovation eXchange Institute, Tsinghua University, Beijing,-Global Innovation eXchange Institute, Tsinghua University, Beijing,-Global Innovation eXchange Institute, Tsinghua University, Beijing,-Cooperative and Information Systems Lab, Fudan University, Shanghai,-Cooperative and Information Systems Lab, Fudan University, Shanghai,-Cooperative and Information Systems Lab, Fudan University, Shanghai,-School of Mechanical Engineering and Automation, Beihang University, Beijing,-School of Mechanical Engineering and Automation, Beihang University, Beijing,-School of Mechanical Engineering and Automation, Beihang University, Beijing,-Kensington Park School, London,	China-China-China-China-China-United Kingdom
paper428.pdf	North Carolina State University-North Carolina State University	
paper399.pdf	Dundalk Institute of Technology,-Trinity College Dublin,-Vrije Universiteit Brussel,-Dundalk Institute of-Trinity College Dublin,-Vrije Universiteit Brussel,-Trinity College Dublin,	Ireland-Ireland-Ireland-Ireland-Ireland
paper602.pdf	Royal Institute of Technology (KTH)-Royal Institute of Technology (KTH)-Northumbria University-Northumbria University-Royal Institute of Technology (KTH)-RISE, Research Institutes of-Royal Institute of Technology (KTH)	Sweden-Sweden-Sweden-Sweden-UK-Sweden-Sweden
paper164.pdf		
paper170.pdf	Keio University Graduate-Keio University Graduate-School of Media Design-Keio University Graduate-Keio University Graduate-School of Media Design	
paper616.pdf	Interactive Media Lab-Technische Universität Dresden-Department of Computer Science-Aarhus University-Aarhus University-Aarhus University-Aarhus University-Interactive Media Lab-Technische Universität Dresden-College of Information Studies-University of Maryland-University of Maryland-College Park, MD,	Germany-Germany-USA
paper158.pdf	University of Bath,-University of Bath,-University of Bath,-University of Bath,-University of Auckland, New Zealand-University of Auckland, New Zealand	UK-UK
paper010.pdf	GRINTIC Group-Inst. Univ. Antonio José Camacho-LIDIS Group-Univ. San Buenaventura-IDIS Group-University of Cauca-University of Cauca-GITI Group, Univ. Autónoma de Occidente-GITI Group, Univ. Autónoma de Occidente	
paper004.pdf	Human-Centered Tools for Coping with Imperfect-Google Brain, Google Health	
paper038.pdf	SensiLab, Monash University-SensiLab, Monash University-SensiLab, Monash University-SensiLab, Monash University-SensiLab, Monash University-SensiLab, Monash University-SensiLab, Monash University-SensiLab, Monash University-SensiLab, Monash University-Goldsmiths, University of London-Goldsmiths, University of London-Goldsmiths, University of London-Goldsmiths, University of London-Goldsmiths, University of London-Goldsmiths, University of London	Australia-Australia-Australia-United Kingdom-United Kingdom-United Kingdom
paper212.pdf	RWTH Aachen University-RWTH Aachen University	Germany
paper574.pdf	Exertion Games Lab-RMIT University-RMIT University-Exertion Games Lab-RMIT University-RMIT University-Exertion Games Lab-RMIT University-RMIT University-Exertion Games Lab-RMIT University-RMIT University-School of Computer Science and IT-RMIT University-RMIT University	Australia-Australia-Australia-Australia-Australia
paper560.pdf	Aalto University,-Aalto University,	Korea-Finland-Korea
paper206.pdf	Stanford University, Vista Center for the Blind and Visually Impaired, The Smith-Kettlewell Eye Research Institute-Stanford University, Vista Center for the Blind and Visually Impaired, The Smith-Kettlewell Eye Research Institute-Stanford University, Vista Center for the Blind and Visually Impaired, The Smith-Kettlewell Eye Research Institute-Stanford University, Vista Center for the Blind and Visually Impaired, The Smith-Kettlewell Eye Research Institute	
paper548.pdf		
paper549.pdf	∗Karlsruhe Institute of Technology-†Technische Universität Darmstadt-Department of Computer Science	
paper561.pdf	University of Washington, Studio Zewde-University of Washington, Studio Zewde	United States
paper207.pdf	School of Interactive Arts + Technology-Simon Fraser University, Vancouver,-Simon Fraser University, Vancouver,-School of Interactive Arts + Technology-Simon Fraser University, Vancouver,-Simon Fraser University, Vancouver,	Canada-Canada
paper213.pdf	Hong Kong University of Science and Technology, Hong Kong-Hong Kong University of Science and Technology, Hong Kong	
paper575.pdf	Human-Computer Interaction Institute-Carnegie Mellon University-Carnegie Mellon University-Carnegie Mellon University-Carnegie Mellon University-Electronic Information School-Wuhan University-Wuhan University-Human-Computer Interaction Institute-Carnegie Mellon University-Carnegie Mellon University	USA-USA-China-USA
paper039.pdf	Giving Meaning to Multimodal Group Data-University of Technology Sydney, Ultimo, NSW, , .-University of Technology Sydney, Ultimo, NSW, , .	Australia
paper005.pdf	Mixed Reality Lab-University of Nottingham,-University of Nottingham,-Mixed Reality Lab-University of Nottingham,-University of Nottingham,-Mixed Reality Lab-University of Nottingham,-University of Nottingham,-Mixed Reality Lab-University of Nottingham,-University of Nottingham,-Mixed Reality Lab-University of Nottingham,-University of Nottingham,-Digital Design Department-IT University Copenhagen, DK-IT University Copenhagen, DK	UK-UK-UK-UK-UK-UK-UK-UK
paper011.pdf	The University of Tokyo-The University of Tokyo-The University of Tokyo-The University of Tokyo-The University of Tokyo-The University of Tokyo-The University of Tokyo-The University of Tokyo-The University of Tokyo-The University of Tokyo-The University of Tokyo-The University of Tokyo	Japan-Japan-Japan-Japan-Japan-Japan
paper159.pdf	Open Lab, Newcastle University-Open Lab, Newcastle University-Open Lab, Newcastle University-Open Lab, Newcastle University-Open Lab, Newcastle University-Open Lab, Newcastle University-Open Lab, Newcastle University-Open Lab, Newcastle University-Open Lab, Newcastle University-Open Lab, Newcastle University-Open Lab, Newcastle University-Open Lab, Newcastle University-Narxoz University-Narxoz University-Monash University-Monash University-Open Lab, Newcastle University-Open Lab, Newcastle University-Open Lab, Newcastle University	UK-UK-UK-UK-Australia-UK
paper171.pdf	State Key Laboratory of Mechanical-State Key Laboratory of Mechanical-State Key Laboratory of Mechanical-State Key Laboratory of Mechanical-State Key Laboratory of Mechanical-State Key Laboratory of Mechanical-Shanghai Jiao Tong University-Shanghai Jiao Tong University-Shanghai Jiao Tong University,-Shanghai Jiao Tong University,-Shanghai Jiao Tong University,-Shanghai Jiao Tong University,	China-China-China
paper617.pdf	KTH Royal Institute of Technology-Luleå University of Technology-Luleå University of Technology-KTH Royal Institute of Technology-Karlstad University-Karlstad University-KTH Royal Institute of Technology-KTH Royal Institute of Technology	Sweden-Sweden-Sweden-Sweden-Sweden-Sweden
paper603.pdf	Northumbria University-Northumbria University-Northumbria University-Northumbria University-University of York-University of York-Northumbria University-Northumbria University	United Kingdom-United Kingdom-United Kingdom-United Kingdom
paper165.pdf	Department of Computer Science-Stony Brook University-Stony Brook University-Google-Cheriton School of Computer Science-University of Waterloo-University of Waterloo-School of Computer Science-University of Waterloo-University of Waterloo-Department of Computer Science-Stony Brook University-Stony Brook University	USA-Canada-Canada-Canada-USA
paper398.pdf	University of Michigan-University of Michigan-Microsoft Research-University of Michigan-University of Michigan	
